Product Description,Image URL,Price,Product URL
Amish-Made Deluxe Post Mount Wooden Mailbox with Cedar Shingles (Red with White Trim),https://m.media-amazon.com/images/I/91ZAVqzWY4L._AC_SX450_.jpg,159.99,https://amzn.to/3Uf0VPH
Amish-Made 21 inch Genuine Copper Gazebo Bird Feeder,https://m.media-amazon.com/images/I/71s34QcBGvL._AC_SY606_.jpg,189.95,https://amzn.to/3JcwHGl
Small White Bird Feeder with Arches and Copper Roof Amish Made in USA,https://m.media-amazon.com/images/I/61BRNotlYyL._AC_SY606_.jpg,179.00,https://amzn.to/3Uf9j1D
10-Hole Birdhouse with Low Copper Roof, Amish Crafted in The USA,https://m.media-amazon.com/images/I/716QkiPjFlL._AC_SY679_.jpg,229.00,https://amzn.to/3J3UdWe
Amish Double Bluebird Birdhouse with Copper Roof, Handcrafted in The USA,https://m.media-amazon.com/images/I/71qWcC5xS7L._AC_SY606_.jpg,179.00,https://amzn.to/3TOPzQD
Amish 30 inch Bird Feeder with Double Copper Roof, Handcrafted in The USA,https://m.media-amazon.com/images/I/41LEt7cROaL._AC_.jpg,289.95,https://amzn.to/3TKONnP
Copper Patina Roof Vinyl One Apartment Bird House 24 inches tall Amish Made in USA,https://m.media-amazon.com/images/I/41b8R9VJRkL._AC_.jpg,189.95,https://amzn.to/4cLoK8D
Large Bird Feeder with Copper Roof Natural Finish Amish Made in USA,https://m.media-amazon.com/images/I/51GXdDe5jSL._AC_SY606_.jpg,269.00,https://amzn.to/49sHdUT
Cedar 10 Hole Round Birdhouse with Low Copper Roof Amish Made in USA,https://m.media-amazon.com/images/I/41xuUL5RA3L._AC_.jpg,249.00,https://amzn.to/4aitAJ0
Large Birdhouse with Bell-shaped Copper Roof - Amish-made,https://m.media-amazon.com/images/I/310+b31zJXL._AC_.jpg,559.00,https://amzn.to/49lWB5b
Amish Dutch Barn Painted Wooden Mailbox with Cupola (Red with White Trim),https://m.media-amazon.com/images/I/812kdeNeuwL._AC_SY450_.jpg,149.95,https://amzn.to/49kuun2
Speedway Express Wagon Model 500 Amish-made Red,https://m.media-amazon.com/images/I/91rTX6WDLmL._AC_SX425_.jpg,389.95,https://amzn.to/3J5EjdZ
Recycled Plastic Amish Bluebird House, Handcrafted in The USA from Easy to Clean, Eco-Friendly Materials (Cherry & Weatherwood),https://m.media-amazon.com/images/I/917W-Ux3V2L._AC_SY741_.jpg,45.95,https://amzn.to/3PSzmsy
Patriotic Lighthouse Amish Handmade Mailbox,https://m.media-amazon.com/images/I/91WqD6b0JhL._AC_SY450_.jpg,249.95,https://amzn.to/3UgFuxH
Royal English Amish-Crafted Yellow Pine Porch Swing (5 Foot, White),https://m.media-amazon.com/images/I/919AptL7mDL._AC_SY450_.jpg,609.95,https://amzn.to/3vFUCei
Traditional Amish-Crafted Yellow Pine Porch Swing (5 Foot, White),https://m.media-amazon.com/images/I/81Yd3iLktsL._AC_SX450_.jpg,569.95,https://amzn.to/49uVwbk
